country,KMeans_Cluster,DBSCAN_Cluster,KMeans_Silhouette,KMeans_DaviesBouldin,KMeans_CalinskiHarabasz
Afghanistan,1,-1,0.34265474105126204,1.1136713454787641,99.41029182481138
Albania,2,0,0.34265474105126204,1.1136713454787641,99.41029182481138
Algeria,2,-1,0.34265474105126204,1.1136713454787641,99.41029182481138
Angola,1,-1,0.34265474105126204,1.1136713454787641,99.41029182481138
Antigua and Barbuda,2,0,0.34265474105126204,1.1136713454787641,99.41029182481138
Argentina,2,-1,0.34265474105126204,1.1136713454787641,99.41029182481138
Armenia,2,-1,0.34265474105126204,1.1136713454787641,99.41029182481138
Australia,0,-1,0.34265474105126204,1.1136713454787641,99.41029182481138
Austria,0,-1,0.34265474105126204,1.1136713454787641,99.41029182481138
Azerbaijan,2,-1,0.34265474105126204,1.1136713454787641,99.41029182481138
Bahamas,2,-1,0.34265474105126204,1.1136713454787641,99.41029182481138
Bahrain,2,-1,0.34265474105126204,1.1136713454787641,99.41029182481138
Bangladesh,2,-1,0.34265474105126204,1.1136713454787641,99.41029182481138
Barbados,2,0,0.34265474105126204,1.1136713454787641,99.41029182481138
Belarus,2,-1,0.34265474105126204,1.1136713454787641,99.41029182481138
Belgium,0,-1,0.34265474105126204,1.1136713454787641,99.41029182481138
Belize,2,-1,0.34265474105126204,1.1136713454787641,99.41029182481138
Benin,1,-1,0.34265474105126204,1.1136713454787641,99.41029182481138
Bhutan,2,-1,0.34265474105126204,1.1136713454787641,99.41029182481138
Bolivia,2,-1,0.34265474105126204,1.1136713454787641,99.41029182481138
Bosnia and Herzegovina,2,-1,0.34265474105126204,1.1136713454787641,99.41029182481138
Botswana,2,-1,0.34265474105126204,1.1136713454787641,99.41029182481138
Brazil,2,-1,0.34265474105126204,1.1136713454787641,99.41029182481138
Brunei,0,-1,0.34265474105126204,1.1136713454787641,99.41029182481138
Bulgaria,2,0,0.34265474105126204,1.1136713454787641,99.41029182481138
Burkina Faso,1,-1,0.34265474105126204,1.1136713454787641,99.41029182481138
Burundi,1,-1,0.34265474105126204,1.1136713454787641,99.41029182481138
Cambodia,2,-1,0.34265474105126204,1.1136713454787641,99.41029182481138
Cameroon,1,-1,0.34265474105126204,1.1136713454787641,99.41029182481138
Canada,0,-1,0.34265474105126204,1.1136713454787641,99.41029182481138
Cape Verde,2,-1,0.34265474105126204,1.1136713454787641,99.41029182481138
Central African Republic,1,-1,0.34265474105126204,1.1136713454787641,99.41029182481138
Chad,1,-1,0.34265474105126204,1.1136713454787641,99.41029182481138
Chile,2,0,0.34265474105126204,1.1136713454787641,99.41029182481138
China,2,-1,0.34265474105126204,1.1136713454787641,99.41029182481138
Colombia,2,-1,0.34265474105126204,1.1136713454787641,99.41029182481138
Comoros,1,-1,0.34265474105126204,1.1136713454787641,99.41029182481138
"Congo, Dem. Rep.",1,-1,0.34265474105126204,1.1136713454787641,99.41029182481138
"Congo, Rep.",1,-1,0.34265474105126204,1.1136713454787641,99.41029182481138
Costa Rica,2,-1,0.34265474105126204,1.1136713454787641,99.41029182481138
Cote d'Ivoire,1,-1,0.34265474105126204,1.1136713454787641,99.41029182481138
Croatia,2,0,0.34265474105126204,1.1136713454787641,99.41029182481138
Cyprus,0,-1,0.34265474105126204,1.1136713454787641,99.41029182481138
Czech Republic,0,-1,0.34265474105126204,1.1136713454787641,99.41029182481138
Denmark,0,-1,0.34265474105126204,1.1136713454787641,99.41029182481138
Dominican Republic,2,-1,0.34265474105126204,1.1136713454787641,99.41029182481138
Ecuador,2,-1,0.34265474105126204,1.1136713454787641,99.41029182481138
Egypt,2,-1,0.34265474105126204,1.1136713454787641,99.41029182481138
El Salvador,2,0,0.34265474105126204,1.1136713454787641,99.41029182481138
Equatorial Guinea,1,-1,0.34265474105126204,1.1136713454787641,99.41029182481138
Eritrea,1,-1,0.34265474105126204,1.1136713454787641,99.41029182481138
Estonia,2,0,0.34265474105126204,1.1136713454787641,99.41029182481138
Fiji,2,-1,0.34265474105126204,1.1136713454787641,99.41029182481138
Finland,0,-1,0.34265474105126204,1.1136713454787641,99.41029182481138
France,0,-1,0.34265474105126204,1.1136713454787641,99.41029182481138
Gabon,1,-1,0.34265474105126204,1.1136713454787641,99.41029182481138
Gambia,1,-1,0.34265474105126204,1.1136713454787641,99.41029182481138
Georgia,2,-1,0.34265474105126204,1.1136713454787641,99.41029182481138
Germany,0,-1,0.34265474105126204,1.1136713454787641,99.41029182481138
Ghana,1,-1,0.34265474105126204,1.1136713454787641,99.41029182481138
Greece,0,1,0.34265474105126204,1.1136713454787641,99.41029182481138
Grenada,2,-1,0.34265474105126204,1.1136713454787641,99.41029182481138
Guatemala,2,-1,0.34265474105126204,1.1136713454787641,99.41029182481138
Guinea,1,-1,0.34265474105126204,1.1136713454787641,99.41029182481138
Guinea-Bissau,1,-1,0.34265474105126204,1.1136713454787641,99.41029182481138
Guyana,2,-1,0.34265474105126204,1.1136713454787641,99.41029182481138
Haiti,1,-1,0.34265474105126204,1.1136713454787641,99.41029182481138
Hungary,2,0,0.34265474105126204,1.1136713454787641,99.41029182481138
Iceland,0,-1,0.34265474105126204,1.1136713454787641,99.41029182481138
India,2,-1,0.34265474105126204,1.1136713454787641,99.41029182481138
Indonesia,2,-1,0.34265474105126204,1.1136713454787641,99.41029182481138
Iran,2,-1,0.34265474105126204,1.1136713454787641,99.41029182481138
Iraq,1,-1,0.34265474105126204,1.1136713454787641,99.41029182481138
Ireland,0,-1,0.34265474105126204,1.1136713454787641,99.41029182481138
Israel,0,-1,0.34265474105126204,1.1136713454787641,99.41029182481138
Italy,0,1,0.34265474105126204,1.1136713454787641,99.41029182481138
Jamaica,2,-1,0.34265474105126204,1.1136713454787641,99.41029182481138
Japan,0,1,0.34265474105126204,1.1136713454787641,99.41029182481138
Jordan,2,-1,0.34265474105126204,1.1136713454787641,99.41029182481138
Kazakhstan,2,-1,0.34265474105126204,1.1136713454787641,99.41029182481138
Kenya,1,-1,0.34265474105126204,1.1136713454787641,99.41029182481138
Kiribati,1,-1,0.34265474105126204,1.1136713454787641,99.41029182481138
Kuwait,0,-1,0.34265474105126204,1.1136713454787641,99.41029182481138
Kyrgyz Republic,2,-1,0.34265474105126204,1.1136713454787641,99.41029182481138
Lao,1,-1,0.34265474105126204,1.1136713454787641,99.41029182481138
Latvia,2,0,0.34265474105126204,1.1136713454787641,99.41029182481138
Lebanon,2,0,0.34265474105126204,1.1136713454787641,99.41029182481138
Lesotho,1,-1,0.34265474105126204,1.1136713454787641,99.41029182481138
Liberia,1,-1,0.34265474105126204,1.1136713454787641,99.41029182481138
Libya,2,-1,0.34265474105126204,1.1136713454787641,99.41029182481138
Lithuania,2,0,0.34265474105126204,1.1136713454787641,99.41029182481138
Luxembourg,0,-1,0.34265474105126204,1.1136713454787641,99.41029182481138
"Macedonia, FYR",2,0,0.34265474105126204,1.1136713454787641,99.41029182481138
Madagascar,1,-1,0.34265474105126204,1.1136713454787641,99.41029182481138
Malawi,1,-1,0.34265474105126204,1.1136713454787641,99.41029182481138
Malaysia,2,-1,0.34265474105126204,1.1136713454787641,99.41029182481138
Maldives,2,-1,0.34265474105126204,1.1136713454787641,99.41029182481138
Mali,1,-1,0.34265474105126204,1.1136713454787641,99.41029182481138
Malta,0,-1,0.34265474105126204,1.1136713454787641,99.41029182481138
Mauritania,1,-1,0.34265474105126204,1.1136713454787641,99.41029182481138
Mauritius,2,0,0.34265474105126204,1.1136713454787641,99.41029182481138
"Micronesia, Fed. Sts.",2,-1,0.34265474105126204,1.1136713454787641,99.41029182481138
Moldova,2,-1,0.34265474105126204,1.1136713454787641,99.41029182481138
Mongolia,2,-1,0.34265474105126204,1.1136713454787641,99.41029182481138
Montenegro,2,-1,0.34265474105126204,1.1136713454787641,99.41029182481138
Morocco,2,-1,0.34265474105126204,1.1136713454787641,99.41029182481138
Mozambique,1,-1,0.34265474105126204,1.1136713454787641,99.41029182481138
Myanmar,2,-1,0.34265474105126204,1.1136713454787641,99.41029182481138
Namibia,1,-1,0.34265474105126204,1.1136713454787641,99.41029182481138
Nepal,2,-1,0.34265474105126204,1.1136713454787641,99.41029182481138
Netherlands,0,-1,0.34265474105126204,1.1136713454787641,99.41029182481138
New Zealand,0,1,0.34265474105126204,1.1136713454787641,99.41029182481138
Niger,1,-1,0.34265474105126204,1.1136713454787641,99.41029182481138
Nigeria,1,-1,0.34265474105126204,1.1136713454787641,99.41029182481138
Norway,0,-1,0.34265474105126204,1.1136713454787641,99.41029182481138
Oman,2,-1,0.34265474105126204,1.1136713454787641,99.41029182481138
Pakistan,1,-1,0.34265474105126204,1.1136713454787641,99.41029182481138
Panama,2,-1,0.34265474105126204,1.1136713454787641,99.41029182481138
Paraguay,2,-1,0.34265474105126204,1.1136713454787641,99.41029182481138
Peru,2,-1,0.34265474105126204,1.1136713454787641,99.41029182481138
Philippines,2,-1,0.34265474105126204,1.1136713454787641,99.41029182481138
Poland,2,0,0.34265474105126204,1.1136713454787641,99.41029182481138
Portugal,0,-1,0.34265474105126204,1.1136713454787641,99.41029182481138
Qatar,0,-1,0.34265474105126204,1.1136713454787641,99.41029182481138
Romania,2,0,0.34265474105126204,1.1136713454787641,99.41029182481138
Russia,2,-1,0.34265474105126204,1.1136713454787641,99.41029182481138
Rwanda,1,-1,0.34265474105126204,1.1136713454787641,99.41029182481138
Samoa,2,-1,0.34265474105126204,1.1136713454787641,99.41029182481138
Saudi Arabia,2,-1,0.34265474105126204,1.1136713454787641,99.41029182481138
Senegal,1,-1,0.34265474105126204,1.1136713454787641,99.41029182481138
Serbia,2,-1,0.34265474105126204,1.1136713454787641,99.41029182481138
Seychelles,2,-1,0.34265474105126204,1.1136713454787641,99.41029182481138
Sierra Leone,1,-1,0.34265474105126204,1.1136713454787641,99.41029182481138
Singapore,0,-1,0.34265474105126204,1.1136713454787641,99.41029182481138
Slovak Republic,2,-1,0.34265474105126204,1.1136713454787641,99.41029182481138
Slovenia,0,-1,0.34265474105126204,1.1136713454787641,99.41029182481138
Solomon Islands,1,-1,0.34265474105126204,1.1136713454787641,99.41029182481138
South Africa,2,-1,0.34265474105126204,1.1136713454787641,99.41029182481138
South Korea,0,-1,0.34265474105126204,1.1136713454787641,99.41029182481138
Spain,0,1,0.34265474105126204,1.1136713454787641,99.41029182481138
Sri Lanka,2,-1,0.34265474105126204,1.1136713454787641,99.41029182481138
St. Vincent and the Grenadines,2,-1,0.34265474105126204,1.1136713454787641,99.41029182481138
Sudan,1,-1,0.34265474105126204,1.1136713454787641,99.41029182481138
Suriname,2,-1,0.34265474105126204,1.1136713454787641,99.41029182481138
Sweden,0,-1,0.34265474105126204,1.1136713454787641,99.41029182481138
Switzerland,0,-1,0.34265474105126204,1.1136713454787641,99.41029182481138
Tajikistan,2,-1,0.34265474105126204,1.1136713454787641,99.41029182481138
Tanzania,1,-1,0.34265474105126204,1.1136713454787641,99.41029182481138
Thailand,2,-1,0.34265474105126204,1.1136713454787641,99.41029182481138
Timor-Leste,1,-1,0.34265474105126204,1.1136713454787641,99.41029182481138
Togo,1,-1,0.34265474105126204,1.1136713454787641,99.41029182481138
Tonga,2,-1,0.34265474105126204,1.1136713454787641,99.41029182481138
Tunisia,2,0,0.34265474105126204,1.1136713454787641,99.41029182481138
Turkey,2,-1,0.34265474105126204,1.1136713454787641,99.41029182481138
Turkmenistan,2,-1,0.34265474105126204,1.1136713454787641,99.41029182481138
Uganda,1,-1,0.34265474105126204,1.1136713454787641,99.41029182481138
Ukraine,2,-1,0.34265474105126204,1.1136713454787641,99.41029182481138
United Arab Emirates,0,-1,0.34265474105126204,1.1136713454787641,99.41029182481138
United Kingdom,0,1,0.34265474105126204,1.1136713454787641,99.41029182481138
United States,0,-1,0.34265474105126204,1.1136713454787641,99.41029182481138
Uruguay,2,-1,0.34265474105126204,1.1136713454787641,99.41029182481138
Uzbekistan,2,-1,0.34265474105126204,1.1136713454787641,99.41029182481138
Vanuatu,2,-1,0.34265474105126204,1.1136713454787641,99.41029182481138
Venezuela,2,-1,0.34265474105126204,1.1136713454787641,99.41029182481138
Vietnam,2,-1,0.34265474105126204,1.1136713454787641,99.41029182481138
Yemen,1,-1,0.34265474105126204,1.1136713454787641,99.41029182481138
Zambia,1,-1,0.34265474105126204,1.1136713454787641,99.41029182481138
